{
    "language": "en",
    "segments": [
        {
            "avg_logprob": -0.1513016768327848,
            "compression_ratio": 1.7632508833922262,
            "end": 3.8000000000000003,
            "id": 0,
            "no_speech_prob": 0.04840143769979477,
            "seek": 0,
            "start": 0.0,
            "temperature": 0.0,
            "text": " This is confirmation that your next chapter already started.",
            "tokens": [
                50363,
                770,
                318,
                12641,
                326,
                534,
                1306,
                6843,
                1541,
                2067,
                13,
                50553
            ]
        },
        {
            "avg_logprob": -0.1513016768327848,
            "compression_ratio": 1.7632508833922262,
            "end": 5.6000000000000005,
            "id": 1,
            "no_speech_prob": 0.04840143769979477,
            "seek": 0,
            "start": 4.0,
            "temperature": 0.0,
            "text": " This is what you prayed for.",
            "tokens": [
                50563,
                770,
                318,
                644,
                345,
                32168,
                329,
                13,
                50643
            ]
        },
        {
            "avg_logprob": -0.1513016768327848,
            "compression_ratio": 1.7632508833922262,
            "end": 8.1,
            "id": 2,
            "no_speech_prob": 0.04840143769979477,
            "seek": 0,
            "start": 5.8,
            "temperature": 0.0,
            "text": " It just begins with a little bit of discomfort.",
            "tokens": [
                50653,
                632,
                655,
                6140,
                351,
                257,
                1310,
                1643,
                286,
                23597,
                13,
                50768
            ]
        },
        {
            "avg_logprob": -0.1513016768327848,
            "compression_ratio": 1.7632508833922262,
            "end": 11.5,
            "id": 3,
            "no_speech_prob": 0.04840143769979477,
            "seek": 0,
            "start": 8.1,
            "temperature": 0.0,
            "text": " It begins by moving you in a new way.",
            "tokens": [
                50768,
                632,
                6140,
                416,
                3867,
                345,
                287,
                257,
                649,
                835,
                13,
                50938
            ]
        },
        {
            "avg_logprob": -0.1513016768327848,
            "compression_ratio": 1.7632508833922262,
            "end": 16.6,
            "id": 4,
            "no_speech_prob": 0.04840143769979477,
            "seek": 0,
            "start": 11.700000000000001,
            "temperature": 0.0,
            "text": " I'm here to help guide you into the fulfillment of this new way into the fulfillment",
            "tokens": [
                50948,
                314,
                1101,
                994,
                284,
                1037,
                5698,
                345,
                656,
                262,
                32402,
                286,
                428,
                649,
                835,
                656,
                262,
                32402,
                51193
            ]
        },
        {
            "avg_logprob": -0.1513016768327848,
            "compression_ratio": 1.7632508833922262,
            "end": 21.400000000000002,
            "id": 5,
            "no_speech_prob": 0.04840143769979477,
            "seek": 0,
            "start": 16.6,
            "temperature": 0.0,
            "text": " of your deepest desire, the desire to remember who you are and be that in the world",
            "tokens": [
                51193,
                286,
                534,
                25420,
                6227,
                11,
                262,
                6227,
                284,
                3505,
                508,
                345,
                389,
                290,
                307,
                326,
                287,
                262,
                995,
                51433
            ]
        },
        {
            "avg_logprob": -0.1513016768327848,
            "compression_ratio": 1.7632508833922262,
            "end": 23.6,
            "id": 6,
            "no_speech_prob": 0.04840143769979477,
            "seek": 0,
            "start": 21.400000000000002,
            "temperature": 0.0,
            "text": " so you can finally reintroduce yourself.",
            "tokens": [
                51433,
                523,
                345,
                460,
                3443,
                38368,
                344,
                3511,
                13,
                51543
            ]
        },
        {
            "avg_logprob": -0.1513016768327848,
            "compression_ratio": 1.7632508833922262,
            "end": 26.400000000000002,
            "id": 7,
            "no_speech_prob": 0.04840143769979477,
            "seek": 0,
            "start": 23.8,
            "temperature": 0.0,
            "text": " Tune into good mornings with curly, Nicky every morning.",
            "tokens": [
                51553,
                42587,
                656,
                922,
                31143,
                351,
                45731,
                11,
                8047,
                88,
                790,
                3329,
                13,
                51683
            ]
        },
        {
            "avg_logprob": -0.1513016768327848,
            "compression_ratio": 1.7632508833922262,
            "end": 28.0,
            "id": 8,
            "no_speech_prob": 0.04840143769979477,
            "seek": 0,
            "start": 26.6,
            "temperature": 0.0,
            "text": " It's five minutes to peace.",
            "tokens": [
                51693,
                632,
                338,
                1936,
                2431,
                284,
                4167,
                13,
                51763
            ]
        },
        {
            "avg_logprob": -0.1513016768327848,
            "compression_ratio": 1.7632508833922262,
            "end": 29.7,
            "id": 9,
            "no_speech_prob": 0.04840143769979477,
            "seek": 0,
            "start": 28.3,
            "temperature": 0.0,
            "text": " Five minutes to the new you.",
            "tokens": [
                51778,
                10579,
                2431,
                284,
                262,
                649,
                345,
                13,
                51848
            ]
        },
        {
            "avg_logprob": -0.3039029325757708,
            "compression_ratio": 0.5789473684210527,
            "end": 30.8,
            "id": 10,
            "no_speech_prob": 0.019740723073482513,
            "seek": 3000,
            "start": 30.0,
            "temperature": 0.0,
            "text": " I love you.",
            "tokens": [
                50363,
                314,
                1842,
                345,
                13,
                50403
            ]
        },
        {
            "avg_logprob": -0.3088680903116862,
            "compression_ratio": 1.430232558139535,
            "end": 66.5,
            "id": 11,
            "no_speech_prob": 0.9339026808738708,
            "seek": 6000,
            "start": 60.0,
            "temperature": 0.0,
            "text": " Not the bee where you'll find news so crazy you'll think it's satire and a full fledged social network.",